Rank,Site Name,Board District,Region,Site Type,"Schoolyard %
Permeable","CalEnviroScreen
Score","Extreme Heat
Temperature Score","Combined
Category 1 Score","Planned
Greening Project",
1,EASTMAN EL,2,East,EL,0.0294,73.71,71.22,73.08665423,Y,
2,9TH ST EL,2,East,EL,0.0497,75.55,57.4,71.00927166,N,
3,ARMINTA EL,6,North,EL,0.026,68.18,76.69,70.3059825,Y,
4,UTAH EL,2,East,EL,0.0698,73.31,57.4,69.33281832,Y,
5,BRIDGE EL,2,East,EL,0.0062,73.09,57.4,69.16446863,Y,
6,COLDWATER CYN EL,6,North,EL,0.0407,65.23,76.69,68.09232431,Y,
7,DENA EL,2,East,EL,0.0242,70.13,57.4,66.9449681,Y,
8,HELIOTROPE EL,5,East,EL,0.0232,64.41,72.99,66.55759729,Y,
9,NEVIN EL,5,East,EL,0.0453,69.26,57.4,66.29146376,N,
10,STRATHERN EL,6,North,EL,0.0492,62.66,76.69,66.17019898,Y,
11,SOTO EL,2,East,EL,0.015,68.92,57.4,66.03712147,Y,
12,GRAPE EL,7,South,EL,0.0142,76.85,33.52,66.01861374,Y,
13,LORETO EL,2,East,EL,0.0585,66.95,62.77,65.90467192,Y,
14,ROSCOE EL,6,North,EL,0.0693,62.14,74.76,65.29499819,Y,
15,CANOGA PARK EL,3,North,EL,0.0297,55.01,92.94,64.49553257,Y,
16,SATICOY EL,6,North,EL,0.0454,59.45,76.69,63.75840516,N,
17,FLETCHER DR EL,5,West,EL,0.0675,64.05,62.77,63.72693828,N,
18,LORENA EL,2,East,EL,0.0825,65.82,57.4,63.71360202,Y,
18,EUCLID EL,2,East,EL,0.0111,65.82,57.4,63.71360202,N,
20,ALBION EL,2,East,EL,0.0407,63.82,62.77,63.55837653,N,
21,BELVEDERE EL,2,East,EL,0.0648,60.98,71.22,63.5380997,Y,
22,ANN EL,2,East,EL,0.0157,63.58,62.77,63.37949962,N,
22,SOLANO EL,2,East,EL,0.0751,63.58,62.77,63.37949962,N,
24,VERNON CITY EL,5,East,EL,0.0957,65.2,57.4,63.25,N,
25,MARIANNA EL,2,East,EL,0.0699,60.33,71.22,63.05323821,Y,
26,92ND ST EL,7,South,EL,0.0682,67.75,48.1,62.83737865,Y,
26,FLORENCE G JOYNER EL,7,South,EL,0.0886,67.75,48.1,62.83737865,Y,
28,BURTON EL,6,North,EL,0.0878,59.69,71.59,62.66390391,N,
29,SYLVAN PARK EL,3,North,EL,0.0289,64.22,57.85,62.62509097,Y,
30,VANALDEN EL,4,North,EL,0.0113,51.71,93.41,62.13850485,Y,
31,66TH ST EL - COS RIVERA,7,South,EL,0.0843,71.24,33.36,61.773403,Y,
32,GARDENA EL,7,South,EL,0.0577,74.44,23.12,61.61342937,Y,
33,NEWCASTLE ES,4,North,EL,0.0853,52.43,88.13,61.35459316,Y,
34,RITTER EL,7,South,EL,0.0392,70.56,33.52,61.30162871,Y,
35,HOLMES EL,5,East,EL,0.0828,65.69,48.1,61.29014076,N,
36,CASTELAR EL,2,East,EL,0.0038,60.63,62.77,61.16637325,N,
37,ASCOT EL,5,East,EL,0.0559,62.38,57.4,61.13705557,Y,
38,BREED EL,2,East,EL,0.0642,62.08,57.4,60.91070294,Y,
39,VENA EL,6,North,EL,0.0774,55.4,76.69,60.72623689,N,
40,EL DORADO EL,6,North,EL,0.0866,56.56,72.34,60.50504079,N,
41,CITY TERRACE EL,2,East,EL,0.0917,56.59,71.22,60.24940703,N,
42,WEIGAND EL,7,South,EL,0.0175,63.83,48.1,59.89590936,Y,
43,HUMPHREYS EL,2,East,EL,0.0475,56.07,71.22,59.85748236,Y,
44,HAZELTINE EL,3,North,EL,0.0526,55.78,71.59,59.73313315,N,
45,SHARP EL,6,North,EL,0.0602,55.4,72.52,59.68373689,Y,
46,GARDEN GROVE EL,4,North,EL,0.0356,50.07,88.13,59.58189823,Y,
47,96TH ST EL,7,South,EL,0.065,63.19,48.1,59.41378341,N,
48,HADDON EL,6,North,EL,0.0456,54.89,72.52,59.29721991,Y,
49,FAIR EL,6,North,EL,0.0162,53.26,76.69,59.11724343,Y,
50,GAULT EL,3,North,EL,0.0658,49.2,88.13,58.93300744,N,
51,GATES EL,2,East,EL,0.0991,57.56,62.77,58.86302922,N,
52,STANFORD EL,5,East,EL,0.0606,62.19,48.1,58.66513403,Y,
53,MIRAMONTE EL,7,South,EL,0.0958,66.87,33.36,58.49141951,N,
54,ARAGON EL,2,West,EL,0.0383,56.46,62.77,58.04060301,N,
55,FORD BLVD EL,2,East,EL,0.0098,52.83,71.22,57.42840625,Y,
56,NOBLE EL,6,North,EL,0.0337,52.64,71.59,57.37882353,Y,
57,LANGDON EL,6,North,EL,0.0248,51.97,71.59,56.87845448,Y,
58,93RD ST EL,7,South,EL,0.0549,64.15,33.36,56.45556165,Y,
59,"HUERTA, DOLORES EL",5,East,EL,0.0403,60.62,43.64,56.37802057,N,
60,BRYSON EL,5,East,EL,0.0628,59.06,48.1,56.32360341,N,
61,RUSSELL EL,7,South,EL,0.0749,63.95,33.36,56.30043827,Y,
62,HAMASAKI EL,2,East,EL,0.1,51.21,71.22,56.21502613,Y,
62,LANE EL,2,East,EL,0.0227,51.21,71.22,56.21502613,N,
64,2ND ST EL,2,East,EL,0.0564,55.75,57.4,56.16613483,Y,
65,ROSEMONT EL,2,East,EL,0.0259,56.36,55.52,56.15369351,N,
66,ROWAN EL,2,East,EL,0.0104,50.76,71.22,55.87446012,Y,
67,28TH ST EL,5,East,EL,0.0206,59.78,43.64,55.74641041,Y,
68,BASSETT EL,3,North,EL,0.027,50.45,71.59,55.73645693,Y,
69,PARMELEE EL,7,South,EL,0.0498,63.05,33.36,55.6262928,Y,
70,MIDDLETON EL,5,East,EL,0.0052,57.65,48.1,55.26086256,Y,
71,FLORENCE EL,7,East,EL,0.0933,57.57,48.1,55.19937444,Y,
72,75TH ST EL,7,South,EL,0.0971,62.4,33.36,55.13853656,Y,
73,FIGUEROA EL,1,South,EL,0.0626,65.66,23.12,55.02401229,Y,
74,116TH ST EL,7,South,EL,0.0205,64.86,23.12,54.42350253,Y,
75,WADSWORTH EL,5,East,EL,0.0095,57.61,43.64,54.12080067,N,
76,WOODLAWN EL,5,East,EL,0.0609,47.42,72.99,53.81112575,N,
77,MONTARA AVE EL,5,East,EL,0.0674,55.62,48.1,53.74271945,Y,
78,MENLO EL,1,South,EL,0.0254,57.1,43.64,53.73408969,Y,
79,NUEVA VISTA EL,5,East,EL,0.0295,55.49,48.1,53.64535244,N,
80,SUNNY BRAE EL,3,North,EL,0.0286,40.45,92.94,53.56967639,Y,
81,MARVIN EL,1,West,EL,0.0697,61.89,28.52,53.54783535,Y,
82,O MELVENY EL,6,North,EL,0.0878,47.23,72.34,53.50454478,Y,
83,MANCHESTER EL,1,South,EL,0.0185,59.38,33.36,52.87350211,Y,
84,HAWAIIAN EL,7,South,EL,0.0323,61.64,26.48,52.85108302,N,
85,BALDWIN HILLS EL,1,West,EL,0.0918,60.95,28.52,52.84039166,N,
86,SIERRA PARK EL,2,East,EL,0.0132,44.4,77.36,52.63799134,N,
87,LANKERSHIM EL,6,North,EL,0.0714,49.07,63.15,52.59198687,Y,
88,VAN NUYS EL,3,North,EL,0.013,45.94,71.59,52.35475896,N,
89,109TH ST EL,7,South,EL,0.017,61.49,23.12,51.89950318,Y,
90,DOMINGUEZ EL,7,South,EL,0.0444,56.55,36.95,51.64665445,N,
91,BUDLONG EL,1,South,EL,0.0453,57.7,33.36,51.61636284,Y,
92,EVERGREEN EL,2,East,EL,0.0459,49.66,57.4,51.59484449,Y,
93,LOMA VISTA EL,5,East,EL,0.0424,52.52,48.1,51.41467363,N,
94,"JONES PC, DR JAMES EDWARD",1,South,EL,0.0243,53.55,43.64,51.07578562,N,
95,HUGHES EL,5,East,EL,0.0451,51.92,48.1,50.96659794,Y,
96,LOCKWOOD EL,2,West,EL,0.0254,49.33,55.52,50.87726362,Y,
97,OXNARD EL,6,North,EL,0.0606,45.95,64.9,50.69033149,N,
98,BARTON HILL EL,7,South,EL,0.0767,58.36,26.48,50.38803559,N,
99,CIENEGA EL,1,West,EL,0.032,57.46,28.52,50.22240882,N,
100,CHARLES W BARRETT EL,1,South,EL,0.0297,55.68,33.36,50.1023225,Y,
101,MCKINLEY EL,7,South,EL,0.0142,55.54,33.36,49.99404449,Y,
102,ESPERANZA EL,2,East,EL,0.0923,51.89,43.64,49.82815639,Y,
103,AVALON GARDENS EL,7,South,EL,0.0237,58.7,23.12,49.80569209,N,
104,49TH ST EL,7,East,EL,0.0261,55.25,33.36,49.77599876,Y,
105,10TH ST EL,2,East,EL,0.0641,51.73,43.64,49.71024886,Y,
106,GLEN ALTA EL,2,East,EL,0.0978,45.21,62.77,49.6010376,N,
107,WILMINGTON PK EL,7,South,EL,0.0906,53.14,38.72,49.53272878,N,
108,135TH ST EL,7,South,EL,0.0588,58.13,23.12,49.37635909,N,
109,CARSON EL,7,South,EL,0.0119,57.14,25.64,49.26178688,Y,
110,UNION EL,2,East,EL,0.039,46.7,55.52,48.90609685,N,
111,AMESTOY EL,7,South,EL,0.0149,57.34,23.12,48.78198622,Y,
112,TOWNE EL,7,South,EL,0.0122,55.98,25.64,48.39387101,N,
113,52ND ST EL,1,South,EL,0.0545,53.04,33.36,48.11669259,Y,
114,PLUMMER EL,6,North,EL,0.0159,40.22,71.59,48.06396298,Y,
115,EL SERENO EL,2,East,EL,0.0416,38.25,77.36,48.0282072,N,
116,ENCINO EL,4,North,EL,0.0995,32.64,93.41,47.83211347,Y,
117,VERMONT EL,1,South,EL,0.0706,49,43.64,47.65806079,Y,
118,HUNTINGTON DR EL,2,East,EL,0.0674,42.53,62.77,47.59366074,N,
119,STATE EL,5,East,EL,0.072,47.05,48.1,47.31102694,Y,
120,BONITA EL,7,South,EL,0.0162,54.34,25.64,47.16176112,N,
121,GLASSELL PARK EL,5,West,EL,0.0741,41.68,62.77,46.95620926,N,
122,WOODCREST EL,1,South,EL,0.0275,51.26,33.36,46.78387852,Y,
123,NORWOOD EL,5,South,EL,0.0502,46.81,43.64,46.01493861,Y,
124,LOS ANGELES EL,5,West,EL,0.0827,45.84,43.64,45.28709036,Y,
125,HOBART BLVD EL,5,West,EL,0.0423,45.58,43.64,45.09183352,Y,
126,ERWIN EL,6,North,EL,0.0296,38.63,63.15,44.75650672,Y,
127,WEEMES EL,1,South,EL,0.0425,44.96,43.64,44.63262055,N,
128,ALTA LOMA EL,1,West,EL,0.0292,49.94,28.52,44.58823402,Y,
129,GRANT EL,5,West,EL,0.071,46.19,39.18,44.43664796,Y,
130,LOS FELIZ EL,2,West,EL,0.0722,40.55,55.52,44.2945252,N,
131,MILES EL,5,East,EL,0.0511,42.92,48.1,44.21294607,Y,
132,VIRGINIA EL,1,West,EL,0.0009,48.77,28.52,43.70664865,N,
133,BRIGHT EL,1,West,EL,0.0183,43.65,43.64,43.64539568,Y,
134,GARVANZA EL,2,East,EL,0.0302,32.34,77.36,43.59192433,Y,
135,LORNE EL,3,North,EL,0.0836,28.54,88.13,43.44080252,N,
136,LA SALLE EL,1,South,EL,0.0487,46.04,33.36,42.86999588,Y,
137,MONTE VISTA EL,2,East,EL,0.0854,35.95,62.77,42.65776824,Y,
138,INDEPENDENCE EL,5,East,EL,0.0148,40.75,48.1,42.59113722,Y,
139,KING JR EL,1,South,EL,0.0138,42.06,43.64,42.45834172,Y,
140,GULF EL,7,South,EL,0.0427,47.74,26.48,42.42822792,N,
141,HALLDALE EL,7,South,EL,0.0281,47.97,25.64,42.38385343,N,
142,CIMARRON EL,1,South,EL,0.0054,52.14,13.01,42.35635755,Y,
143,PURCHE EL,7,South,EL,0.0091,52.08,13.01,42.30924372,N,
144,DENKER EL,7,South,EL,0.0434,48.31,23.12,42.01166104,N,
145,FRIES EL,7,South,EL,0.0375,47.16,26.48,41.99100774,N,
146,TOLUCA LAKE EL,6,North,EL,0.0988,33.27,64.9,41.17922859,N,
147,MANHATTAN EL,1,South,EL,0.0582,43.55,33.36,41.00459198,Y,
148,NORMONT EL,7,South,EL,0.0924,45.77,26.48,40.94574535,N,
149,BURBANK EL,3,North,EL,0.0101,33.15,63.15,40.64997691,Y,
150,HOOVER EL,5,West,EL,0.0449,39.4,43.64,40.45983954,Y,
151,HILLCREST DR EL,1,South,EL,0.0323,44.24,28.52,40.30870644,Y,
152,6TH AVE EL,1,West,EL,0.0108,44.16,28.52,40.24705423,N,
153,CAHUENGA EL,5,West,EL,0.0264,35.03,55.52,40.15186254,N,
154,RIO VISTA EL,6,North,EL,0.0656,31.76,64.9,40.0427187,N,
155,CLIFFORD EL,5,West,EL,0.0782,34.83,55.52,40.00471999,Y,
156,MEYLER ST EL,7,South,EL,0.0933,44.7,25.64,39.93560926,N,
156,VAN DEENE EL,7,South,EL,0.0348,44.7,25.64,39.93560926,N,
158,IVANHOE EL,5,West,EL,0.0532,33.1,55.52,38.70625787,Y,
159,YORKDALE EL,2,East,EL,0.0784,30.61,62.77,38.64773733,N,
160,CATSKILL EL,7,South,EL,0.0539,42.56,26.48,38.53972117,N,
161,HARBOR CITY EL,7,South,EL,0.0437,42.42,26.48,38.43483616,Y,
162,59TH ST EL,1,South,EL,0.0093,46.1,14.95,38.31018882,N,
163,CHAPMAN EL,7,South,EL,0.0724,46.62,13.01,38.21936262,N,
164,ARLINGTON HEIGHTS EL,1,West,EL,0.0755,41.21,28.52,38.03545773,N,
165,COLISEUM EL,1,South,EL,0.0388,41.19,28.52,38.02540563,N,
166,GERMAIN EL,3,North,EL,0.0363,25.24,75.32,37.75838682,Y,
167,BUSHNELL WAY EL,2,East,EL,0.0506,29.13,62.77,37.53825588,N,
168,MAYBERRY EL,5,West,EL,0.0628,31.33,55.52,37.37798476,N,
169,WOODLAND HILLS EL,4,North,EL,0.0751,16.47,100,37.3560847,Y,
170,95TH ST EL,1,South,EL,0.0073,38.31,33.36,37.07476002,Y,
171,TOLAND WAY EL,5,East,EL,0.0478,27.69,62.77,36.45963501,Y,
172,BUCHANAN EL,2,East,EL,0.0508,26.91,62.77,35.87186053,Y,
173,232ND PL EL,7,South,EL,0.0388,39.17,25.64,35.78619029,N,
174,BROADACRES EL,7,South,EL,0.0934,35.36,36.95,35.76044188,N,
175,COMMONWEALTH EL,2,East,EL,0.0793,28.86,55.52,35.52589371,Y,
176,ANNANDALE EL,5,East,EL,0.0307,23.77,69.45,35.186902,N,
176,DAHLIA HTS EL,5,East,EL,0.0918,23.77,69.45,35.186902,Y,
176,ROCKDALE EL,5,East,EL,0.047,23.77,69.45,35.186902,Y,
179,SUNLAND EL,6,North,EL,0.098,25.8,62.87,35.06523812,N,
180,DOLORES EL,7,South,EL,0.0177,37.56,25.64,34.58061958,Y,
181,SHENANDOAH EL,1,West,EL,0.0567,39.11,20.52,34.45975478,Y,
182,RIVERSIDE EL,3,North,EL,0.0587,24.68,63.15,34.29643161,N,
183,74TH ST EL,1,South,EL,0.0053,40.46,14.95,34.08145323,Y,
184,FRANKLIN EL,2,West,EL,0.0141,26.59,55.52,33.82133761,Y,
185,"BRADLEY, THOMAS ENV/HUMAN MAGNET",1,South,EL,0.0624,34.72,28.52,33.16696537,N,
185,42ND ST EL,1,South,EL,0.0381,34.72,28.52,33.16696537,N,
187,ANGELES MESA EL,1,West,EL,0.0602,39.14,14.95,33.09313571,N,
188,JUSTICE EL,3,North,EL,0.0987,18.79,75.12,32.87004686,N,
189,PLAINVIEW EL,6,North,EL,0.0148,25.8,52.46,32.46273812,N,
190,WILTON PL EL,1,West,EL,0.042,33.07,28.52,31.93113475,Y,
191,PARK WESTERN EL,7,South,EL,0.0549,32.82,26.48,31.23672294,N,
192,MELROSE EL,4,West,EL,0.0811,28.05,39.18,30.83430508,Y,
193,ALDAMA EL,2,East,EL,0.0763,19.59,62.77,30.38497851,N,
194,CHEREMOYA EL,5,West,EL,0.0235,25.61,39.18,29.00143147,Y,
195,54TH ST EL,1,West,EL,0.03,32.42,14.95,28.04906757,N,
196,STONER EL,4,West,EL,0.0826,30.89,15.33,27.00162683,Y,
196,BRADDOCK DRIVE EL,4,West,EL,0.0826,30.89,15.33,27.00162683,Y,
198,ESHELMAN EL,7,South,EL,0.0211,29.34,16.9,26.23249118,N,
199,PALMS EL,1,West,EL,0.0624,25.52,20.52,24.2714879,Y,
200,CHARNOCK ROAD EL,1,West,EL,0.0494,25.42,20.52,24.19604856,Y,
201,GRAND VIEW EL,4,West,EL,0.0477,23.7,20.52,22.90856087,N,
202,LELAND EL,7,South,EL,0.0197,21.38,26.48,22.6554562,N,
203,LOMITA MATH/SCI MAG,7,South,EL,0.0582,22.74,16.9,21.28097687,N,
204,WESTWOOD EL,4,West,EL,0.084,21.08,20.52,20.94199924,N,
205,ROSEWOOD EL,4,West,EL,0.0719,20.34,21.83,20.71316799,Y,
206,LAUREL EL,4,West,EL,0.0501,13.7,39.18,20.07185414,Y,
207,BANDINI EL,7,South,EL,0.0871,17.91,26.48,20.05144184,N,
208,WEST HOLLYWOOD EL,4,West,EL,0.0897,14.83,21.83,16.57825039,Y,
209,7TH ST EL,7,South,EL,0.0226,13.2,26.48,16.51820392,N,
210,SHORT EL,4,West,EL,0.0822,16.49,15.33,16.19890695,Y,
211,WESTPORT HTS EL,4,West,EL,0.099,13.57,15.33,14.01095805,Y,
212,CRESTWOOD ST EL,7,South,EL,0.0513,9.31,26.48,13.60018658,Y,
213,WARNER EL,4,West,EL,0.0288,10.57,21.83,13.38683944,Y,
214,WESTSIDE LEADERSHIP MAGNET,4,West,SPAN-MS,0.098,17.68,0,13.26227464,Y,
215,MAR VISTA EL,4,West,EL,0.0963,8.71,20.52,11.66451835,Y,
216,ROSCOMARE EL,4,West,EL,0.0757,7.71,18.85,10.4953871,Y,
Rank,Site Name,"Board
District",Region,Site Type,"Schoolyard %
Permeable","Permeable
Schoolyard Score","CalEnviroScreen
Score","Extreme Heat
Temperature Score","Combined
Category 2 Score","Planned Greening
Project"
1,TELFAIR EL,6,North,EL,0.1007,89.9342891,63.25792263,72.52,83.84407732,Y
2,SAN PEDRO EL,5,East,EL,0.1105,88.9549692,76.52276204,43.64,83.79174478,Y
3,CAMELLIA EL,6,North,EL,0.1185,88.15353946,67.85793982,76.69,83.63164331,N
4,20TH ST EL,5,East,EL,0.1129,88.71098924,76.52276204,43.64,83.60875981,N
5,COHASSET EL,3,North,EL,0.1347,86.52594671,71.84723025,71.59,82.84019071,N
6,NAPA EL,3,North,EL,0.1039,89.61173719,53.31604386,88.13,82.71368611,N
7,HART ST EL,3,North,EL,0.1029,89.71052566,49.80094977,92.94,82.42932232,Y
8,SHERIDAN ST EL,2,East,EL,0.1001,89.99342811,57.90445938,57.4,81.93965721,Y
9,FULLBRIGHT EL,4,North,EL,0.1012,89.8841896,45.67122714,92.94,81.78524729,N
10,PLASENCIA EL,2,East,EL,0.1341,86.5946195,69.81435669,55.52,81.50615651,Y
11,VALERIO EL,6,North,EL,0.137,86.30171813,65.36971601,71.59,81.45748535,N
12,SOUTH PARK EL,7,South,EL,0.1018,89.81644564,60.01460553,33.36,80.70007276,N
13,MAIN ST EL,7,East,EL,0.1063,89.36998403,60.1304318,33.36,80.38694399,N
14,SAN MIGUEL EL,5,East,EL,0.1207,87.9312224,59.06480454,48.1,80.02931765,N
15,ALEXANDRIA EL,2,East,EL,0.1229,87.70576962,57.12667016,55.52,79.96057787,N
16,RESEDA EL,4,North,EL,0.153,84.7033837,57.5109451,88.13,79.81896498,N
17,SAN ANTONIO EL,5,East,EL,0.1149,88.51260253,54.56413638,48.1,79.62147747,N
18,"OBAMA, MICHELLE EL",6,North,EL,0.1741,82.58989044,70.32900275,71.59,79.60348084,N
19,BERTRAND EL,4,North,EL,0.1367,86.32611606,49.41781999,88.13,79.5185533,Y
20,118TH ST EL,7,South,EL,0.1159,88.41393242,62.63478581,23.12,79.49947165,Y
21,VICTORY EL,6,North,EL,0.1039,89.60838501,44.01162085,63.15,79.40534267,Y
22,WESTERN EL,1,South,EL,0.1141,88.58819771,57.99316387,33.36,79.39986651,N
23,MURCHISON EL,2,East,EL,0.155,84.5049944,65.9873472,57.4,79.3388734,Y
24,112TH ST EL,7,South,EL,0.1523,84.77171972,73.3448595,23.12,78.77595095,N
25,61ST ST EL,1,South,EL,0.13,86.99775645,60.88944811,33.36,78.75008886,N
26,LILLIAN EL,5,East,EL,0.1522,84.78013386,63.9196471,48.1,78.57628422,Y
27,FLOURNOY EL,7,South,EL,0.1654,83.45848101,73.3326849,33.52,78.43873918,N
28,SAN GABRIEL EL,5,East,EL,0.1269,87.31371059,52.64331057,48.1,78.36215367,Y
29,HERRICK EL,6,North,EL,0.1297,87.02753247,49.92642069,57.85,78.24747823,N
30,CALAHAN COMMUNITY CHARTER,3,North,EL,0.1377,86.22990141,42.00712337,88.13,78.05688669,N
31,MAGNOLIA EL,5,West,EL,0.1055,89.44685415,43.58385447,43.64,77.98461333,N
32,PACIFIC BOULEVARD SCHOOL,5,East,EL,0.1669,83.30845583,66.28876508,48.1,77.91673532,N
33,1ST EL,2,East,EL,0.1523,84.76587215,56.77173068,57.4,77.80660362,N
34,PANORAMA CITY EL,6,North,EL,0.1725,82.74732353,59.79996977,71.59,77.74736198,N
35,RAMONA EL,5,West,EL,0.1261,87.39180504,46.24623834,55.52,77.68502347,N
36,COMPTON EL,7,South,EL,0.1603,83.9676178,61.69290306,48.1,77.54938267,N
37,LIBERTY EL,5,East,EL,0.1469,85.30971213,56.29662514,48.1,77.54415131,Y
38,GRAHAM EL,7,South,EL,0.1658,83.41859882,63.66491307,48.1,77.50737032,N
39,GLENFELIZ BLVD EL,5,West,EL,0.1125,88.75427283,39.66650218,55.52,77.47317378,N
40,ALTA CALIFORNIA EL,6,North,EL,0.165,83.50450604,54.40679641,71.59,77.30402885,N
41,FERNANGELES EL,6,North,EL,0.206,79.40368047,68.64596875,76.69,77.2170045,N
42,122ND ST EL,7,South,EL,0.1705,82.95401674,72.2529865,23.12,77.20794753,Y
43,ANDASOL EL,3,North,EL,0.1227,87.73365787,35.54388468,73.75,77.07409678,N
44,MOSK EL,4,North,EL,0.1773,82.26745286,50.00936116,92.94,76.88609486,Y
45,FISHBURN EL,5,East,EL,0.1463,85.37034,52.51956484,48.1,76.88142341,Y
46,107TH ST EL,7,South,EL,0.1374,86.26457259,53.31275693,33.36,76.77957137,Y
47,SAN FERNANDO EL,6,North,EL,0.1549,84.50903676,47.2260597,72.34,76.75791376,N
48,ALLESANDRO EL,5,West,EL,0.105,89.49990924,32.74623182,55.52,76.7348504,Y
49,VINE EL,4,West,EL,0.1581,84.18624262,59.32669531,39.18,76.71218734,N
50,ACADEMY FOR ENRICHED SCIENCES MAGNET,3,North,EL,0.1345,86.55214475,31.70991568,93.41,76.69784275,N
51,DIXIE CANYON EL,3,North,EL,0.1102,88.9822069,32.06696903,63.15,76.69608687,Y
52,ANTON EL,2,East,EL,0.1666,83.34285638,51.67509869,71.22,76.64747329,N
53,TOPEKA DR EL,3,North,EL,0.1382,86.18420794,34.58541365,88.13,76.63104602,N
54,ESCALANTE EL,5,East,EL,0.1792,82.0817855,62.93104397,48.1,76.36715987,N
55,HUNTINGTON PK EL,5,East,EL,0.1325,86.75061754,43.77671496,48.1,76.27734721,N
56,HYDE PARK EL,1,South,EL,0.1354,86.45733362,55.94097859,14.95,76.2663087,N
57,LIGGETT EL,6,North,EL,0.1668,83.32327178,48.6715994,71.59,76.09275372,N
58,DANUBE EL,3,North,EL,0.1052,89.48259209,22.72458018,72.34,75.89405285,N
59,CAPISTRANO EL,3,North,EL,0.148,85.19709172,32.9428005,92.94,75.88334389,Y
60,68TH ST EL,1,South,EL,0.1546,84.5449583,55.1844811,33.36,75.84080893,N
61,LATONA EL,2,East,EL,0.1551,84.49436834,45.37377904,62.77,75.80148483,Y
62,KENNEDY EL,2,East,EL,0.2068,79.32279237,62.95408356,71.22,75.74723494,N
63,SERRANIA EL,4,North,EL,0.1481,85.19497192,29.76784937,100,75.7277007,N
64,HARDING EL,6,North,EL,0.1424,85.7553412,36.08636837,72.52,75.61519997,N
65,FRANK DEL OLMO ELEM SCHOOL,2,East,EL,0.1582,84.17565824,48.05506165,55.52,75.61206774,N
66,RANCHITO EL,6,North,EL,0.1891,81.08873666,52.83074955,76.69,75.51544303,N
67,SHIRLEY EL,4,North,EL,0.1881,81.18553644,48.14229212,88.13,75.4239571,Y
68,FARMDALE EL,2,East,EL,0.1701,82.99155154,43.74745313,77.36,75.28131112,Y
69,TARZANA EL,4,North,EL,0.1607,83.92511619,34.5280966,93.41,75.25598025,N
70,GRIFFIN EL,2,East,EL,0.1929,80.70682316,57.56070562,62.77,75.24587468,N
71,GRANADA EL,3,North,EL,0.1224,87.7592547,25.58597006,73.75,75.22618541,N
72,LOGAN EL,2,East,SPAN-MS,0.1645,83.54673841,48.28394118,55.52,75.18329278,N
73,LASSEN ES,6,North,EL,0.1395,86.05082787,31.93755078,71.59,75.00078668,N
74,"MOORE, DR. L H MATH SCI TECH ACAD",7,South,EL,0.1933,80.66700832,65.54014048,33.36,74.87403258,N
75,ALEXANDER JR. SCIENCE CENTER,1,South,EL,0.1633,83.6716238,49.9867114,43.64,74.85372623,N
76,OSCEOLA EL,6,North,EL,0.1636,83.63935898,40.46482983,72.34,74.83792483,Y
77,ANATOLA EL,3,North,EL,0.1686,83.14335043,37.10754155,88.13,74.82330186,N
78,SYLMAR EL,6,North,EL,0.1394,86.05684655,35.40669186,57.85,74.79701463,Y
79,HOOPER EL,5,East,EL,0.1683,83.16693424,55.04651401,33.36,74.78142206,N
80,STAGG EL,3,North,EL,0.1931,80.68604072,46.36954319,88.13,74.71694489,N
81,CENTURY PK EL,1,South,EL,0.1072,89.27738469,36.91040673,13.01,74.69186478,N
82,VINEDALE EL,6,North,EL,0.1541,84.58801181,34.94584206,74.76,74.66585425,N
83,BRAINARD EL,6,North,EL,0.1352,86.48243707,30.64722128,62.87,74.53755679,N
84,"GEORGE DE LA TORRE, JR. EL",7,South,EL,0.1902,80.97714731,64.76295548,26.48,74.53091463,N
85,DORRIS PLACE EL,5,West,EL,0.1604,83.95880203,40.2766805,62.77,74.44410412,Y
86,BLYTHE EL,3,North,EL,0.1997,80.03171788,47.5265693,88.13,74.44314515,N
87,VAN NESS EL,4,West,EL,0.1088,89.12449982,27.278854,39.18,74.40690999,N
88,LEAPWOOD EL,7,South,EL,0.1264,87.36338381,38.57473695,25.64,74.35780104,N
89,HAYNES EL,3,North,EL,0.111,88.89545981,15.62385913,75.12,74.29606844,N
90,TULSA EL,3,North,EL,0.1494,85.06286096,31.49180122,72.34,74.22310845,N
91,MORNINGSIDE EL,6,North,EL,0.1749,82.51254753,41.3526671,72.52,74.17053573,N
92,PARTHENIA EL,3,North,EL,0.1618,83.81519422,36.44346801,71.59,74.16892092,N
93,DEL AMO EL,7,South,EL,0.1498,85.0212805,42.89685287,36.95,74.11849529,N
94,CAROLDALE LRNG COMM,7,South,SPAN-MS,0.1219,87.81130772,35.45754277,25.64,74.10927006,N
95,BEACHY EL,6,North,EL,0.1776,82.23564684,41.35390319,71.59,73.90496698,N
96,CANTARA EL,3,North,EL,0.1839,81.60545021,38.14210556,88.13,73.86385745,N
97,DAYTON HEIGHTS EL,2,West,EL,0.1812,81.87791677,47.82937964,55.52,73.84644626,Y
98,ANNALEE EL,7,South,EL,0.1334,86.66346348,38.57473695,25.64,73.83286079,N
99,POINT FERMIN EL,7,South,EL,0.1138,88.62088583,30.08699847,26.48,73.76197658,N
100,STERRY EL,4,West,EL,0.1063,89.36713428,33.99776999,4.66,73.69118258,N
101,LIMERICK EL,3,North,EL,0.1926,80.73845763,38.58134629,92.94,73.59659565,Y
102,BELLINGHAM PC,6,North,EL,0.229,77.09791193,57.7440857,76.69,73.44357501,N
103,"CRESCENT HEIGHTS ES LANGUAGE, ARTS AND
SOCIAL JUSTICE MAGNET",1,West,EL,0.1067,89.3332063,26.89208383,20.52,73.32467045,N
104,VICTORIA EL,5,East,EL,0.1683,83.1709491,42.20384714,48.1,73.29768317,Y
105,186TH ST EL,7,South,EL,0.1774,82.26062894,53.28824876,25.64,73.28951835,N
106,HARRISON EL,2,East,EL,0.2167,78.33433227,58.21417869,57.4,73.2534077,N
107,DEARBORN EL,3,North,EL,0.1634,83.66458295,25.94625057,88.13,73.12148419,N
108,SAN PASCUAL EL,2,East,EL,0.1488,85.11994392,22.3237921,77.36,72.86066896,N
109,GLEDHILL EL,6,North,EL,0.1764,82.3588766,35.08733075,71.59,72.82240697,N
110,"CARDENAS, ANDRES & MARIA EL",3,North,EL,0.2206,77.94115838,52.73066023,71.59,72.81724257,N
111,MADISON ES,5,East,EL,0.1951,80.49374413,50.31391531,48.1,72.81041721,N
112,WILBUR EL,4,North,EL,0.1737,82.63111081,25.73084966,93.41,72.63599242,N
113,WEST VERNON EL,5,East,EL,0.1996,80.04427408,52.43154394,43.64,72.59162005,N
114,15TH ST EL,7,South,EL,0.1804,81.96411271,50.3734499,26.48,72.57310639,N
115,CORONA EL,5,East,EL,0.2243,77.57205392,60.10373248,48.1,72.45474028,N
116,WEST ATHENS EL,1,South,EL,0.2183,78.16836072,65.90838731,23.12,72.42909316,N
117,LANAI EL,4,North,EL,0.1155,88.45199535,13.18910491,57.85,72.42757869,N
118,TRINITY EL,5,East,EL,0.2213,77.86746937,59.84780207,43.64,72.34956491,Y
119,POLITI EL,2,West,EL,0.1824,81.76250147,44.16842253,43.64,72.33095532,N
120,GRATTS EL,2,East,EL,0.213,78.6972386,56.33336277,43.64,72.31293447,N
121,ELYSIAN HEIGHTS EL,5,West,EL,0.1917,80.8310785,41.33141354,62.77,72.29607391,Y
122,CALABASH EL,3,North,EL,0.1706,82.94178724,27.54837687,75.39,72.08353609,N
123,4TH ST EL,2,East,EL,0.2238,77.61542521,49.59595102,71.22,71.96205973,N
124,MICHELTORENA EL,5,West,EL,0.1453,85.46887228,23.32594909,55.52,71.94526966,N
125,BALBOA G/HA MAG,3,North,EL,0.1793,82.07386977,25.94625057,88.13,71.92844931,N
126,MONLUX EL,6,North,EL,0.1937,80.6264939,39.54615025,63.15,71.83164859,N
127,WINDSOR M/S AERO MAG,1,West,EL,0.1295,87.05414355,29.89666726,14.95,71.83060777,Y
128,156TH ST EL,7,South,EL,0.17,82.99714706,46.62248349,13.01,71.80270095,N
129,"WHITE, CHARLES ES",2,East,EL,0.214,78.60328472,53.56488543,43.64,71.72337955,N
130,MIDDLETON PC,5,East,EL,0.2293,77.06970091,57.3323485,48.1,71.55834103,N
131,MELVIN EL,3,North,EL,0.2147,78.53070092,37.57237245,88.13,71.45097053,N
132,LEMAY EL,3,North,EL,0.249,75.10112868,51.24025125,88.13,71.44151862,N
133,GRIDLEY EL,6,North,EL,0.2083,79.17094261,40.09796729,72.52,71.42907582,N
134,WISDOM EL,7,South,EL,0.2344,76.56478306,63.0483904,33.36,71.33016049,N
135,COLUMBUS AVE EL,3,North,EL,0.2245,77.54688231,46.00001108,71.59,71.25953881,N
136,DYER EL,6,North,EL,0.1844,81.55664698,29.54297927,72.34,71.22804385,N
137,MAPLE PC,5,East,EL,0.2386,76.13990725,60.76065973,43.64,71.22505414,N
138,RICHARD RIORDAN PC,2,East,EL,0.1945,80.55143983,35.95369098,62.77,71.07802193,N
139,SHERMAN OAKS EL,3,North,EL,0.1659,83.4051397,25.71935445,57.85,70.99185873,N
140,LAKE STREET PRIMARY SCHOOL,2,East,EL,0.1972,80.28284787,37.42430675,55.52,70.69919342,N
141,SIERRA VISTA EL,2,East,EL,0.2164,78.36069034,37.7829234,77.36,70.68981589,N
142,KESTER EL,3,North,EL,0.1657,83.43094404,23.51267083,57.85,70.59745881,Y
143,HILLSIDE EL,2,East,EL,0.2466,75.33997492,53.96958709,62.77,70.54740377,N
144,LOCKHURST EL,3,North,EL,0.1615,83.85337402,15.62385913,75.39,70.5313791,N
145,RIDE EL / A SMART ACADEMY,5,East,EL,0.2358,76.42061593,54.74875224,43.64,70.30835299,N
146,CARSON-GORE ACADEMY,1,West,EL,0.2182,78.17665652,52.48603132,28.52,70.25612327,N
147,VINTAGE MATH/SCI MAG,3,North,EL,0.1902,80.97935745,26.30556188,72.34,70.18806094,N
148,EMELITA EL,4,North,EL,0.2149,78.51089422,28.85822022,93.41,70.13221195,N
149,BROOKLYN AVE EL,2,East,EL,0.2872,71.27543518,64.89613512,71.22,70.07585172,N
150,PRMRY ACDMY FOR SUCCESS SC,6,North,EL,0.2614,73.86476838,54.40679641,71.59,70.07422561,N
151,153RD ST EL,7,South,EL,0.1903,80.97152682,39.66274502,23.12,69.61040981,N
152,PRESIDENT EL,7,South,EL,0.1992,80.08373833,41.90137597,26.48,69.57431174,N
153,SAN JOSE ST,6,North,EL,0.2098,79.01690568,30.67757357,72.34,69.53597431,N
154,"SANTANA, CARLOS ARTS ACADEMY EL",6,North,EL,0.2338,76.61823828,40.22195064,71.59,69.47966945,N
155,CANTERBURY EL,6,North,EL,0.2452,75.47778648,42.92708236,76.69,69.4502928,N
156,CHASE EL,6,North,EL,0.2512,74.88109035,46.761875,71.59,69.40304433,N
157,HOOPER NEW PC,5,East,EL,0.2413,75.8718036,55.04651401,33.36,69.31007408,N
158,ROYBAL-ALLARD ES,5,East,EL,0.2398,76.01879529,49.42501823,48.1,69.28753738,Y
159,HASKELL EL,3,North,EL,0.2137,78.62726329,30.33513128,72.34,69.17953458,N
160,HAMLIN EL,3,North,EL,0.2026,79.74227077,18.74150928,92.94,69.12948607,N
161,OLYMPIC PRIMARY CENTER,2,East,EL,0.244,75.59792812,51.73366515,43.64,69.1260083,N
162,VAN GOGH EL,3,North,EL,0.1825,81.75111579,17.01330652,73.75,69.11270682,N
163,CHANDLER EL,3,North,EL,0.203,79.69948536,29.48368305,57.85,68.91842959,N
164,BROAD AVE EL,7,South,EL,0.234,76.59582043,51.84090738,26.48,68.82203546,N
165,QUEEN ANNE EL,1,West,EL,0.2146,78.53522906,42.94404248,28.52,68.73592976,N
166,SUNRISE EL,2,East,EL,0.3052,69.47533993,68.91616196,57.4,68.61578532,N
167,VISTA DEL VALLE DUAL LANGUAGE ACADEMY,6,North,EL,0.2459,75.41185561,40.09796729,72.52,68.60976057,Y
168,MAYALL EL,3,North,EL,0.2085,79.14511332,25.05622154,72.34,68.57812653,Y
169,PINEWOOD EL,6,North,EL,0.2062,79.37667837,30.64282795,52.46,68.55678901,N
170,KITTRIDGE EL,6,North,EL,0.2508,74.92366353,40.37171986,76.69,68.55557012,N
171,KNOLLWOOD EL,3,North,EL,0.2221,77.79097458,29.61583918,72.34,68.41745078,N
172,OVERLAND EL,1,West,EL,0.1359,86.41202424,12.34609387,20.52,68.40641078,N
173,STANFORD PC,5,East,EL,0.2539,74.60999235,50.31391531,48.1,68.39760338,Y
174,RICARDO LIZARRAGA ES,5,East,EL,0.2698,73.02241789,57.61440089,43.64,68.29701358,N
175,RICHLAND EL,4,West,EL,0.1478,85.22237007,21.75732318,4.66,68.28752565,N
176,HARMONY ES,5,East,EL,0.2607,73.93499553,53.36284602,43.64,68.18428028,Y
177,MALABAR EL,2,East,EL,0.223,77.69692503,33.36680627,57.4,68.11646995,Y
178,CARPENTER EL,3,North,EL,0.1847,81.52845494,15.69171065,63.15,68.03541195,N
179,GERALD A. LAWSON ACADEMY MATH/SCI,1,South,EL,0.2464,75.35989962,50.24851728,33.36,68.02652171,N
180,"LAMOTTE, POINDEXTER MARGUERITE ES",1,South,EL,0.2625,73.75213954,53.03559012,43.64,67.9857778,N
181,WOODLAKE EL,3,North,EL,0.1888,81.11777465,12.93315133,75.39,67.97517186,N
182,3RD ST EL,4,West,EL,0.1719,82.80980147,17.80867834,39.18,67.89522829,N
183,MACK EL,1,South,EL,0.2344,76.56276362,40.81141725,43.64,67.80171345,N
184,PASEO DEL REY NAT SC MG,4,West,EL,0.1433,85.67466432,13.65202007,15.33,67.773877,N
185,"LEE, DR. SAMMY MEDICAL HLTH SCI MAGNET",2,East,EL,0.2479,75.21464228,41.99655203,55.52,67.75533522,N
186,DARBY EL,3,North,EL,0.2058,79.42281657,18.98198322,73.75,67.73560928,N
187,OCHOA LEARNING CENTER,5,East,EL,0.3075,69.24838846,59.435882,72.99,67.64239422,N
188,MACARTHUR PARK PC,2,East,EL,0.2654,73.46405342,52.03352819,43.64,67.5818266,N
189,CANFIELD EL,1,West,EL,0.1521,84.78622141,13.76124305,20.52,67.45239913,N
190,AMBLER EL,7,South,EL,0.2586,74.1409624,54.69240009,23.12,67.30554682,N
191,BROADOUS EL,6,North,EL,0.2703,72.96790482,42.9080284,72.52,67.30368394,N
192,FAIRBURN EL,4,West,EL,0.1493,85.06661813,11.69480782,20.52,67.27524006,N
193,MAYWOOD ES,5,East,EL,0.2933,70.66905231,51.64933951,72.99,67.24791539,N
194,WILLOW EL,5,East,EL,0.3015,69.85351205,62.78739708,48.1,67.16902099,N
195,4TH ST PRIMARY CTR,2,East,EL,0.2878,71.22175634,49.59595102,71.22,67.16680807,N
196,AURORA ES,7,East,EL,0.2947,70.53149438,64.8644312,33.36,67.14570163,N
197,ESTRELLA EL,7,East,EL,0.283,71.70473298,60.1304318,33.36,67.1380057,Y
198,EL ORO EL,3,North,EL,0.2334,76.65813996,26.81062754,73.75,67.12997263,N
199,KENTWOOD EL,4,West,EL,0.1465,85.3498028,11.39005748,15.33,67.10611288,N
200,NESTLE EL,4,North,EL,0.2724,72.75672614,35.22064851,93.41,67.0095412,N
201,CABRILLO EL,7,South,EL,0.2547,74.53042198,49.9583572,26.48,66.92000846,N
202,COLFAX EL,3,North,EL,0.2351,76.48525732,29.73409066,63.15,66.88595999,Y
203,"JONES, QUINCY EL",5,East,EL,0.2946,70.53572587,59.78188055,43.64,66.838397,N
204,RAYMOND AVE,1,South,EL,0.2331,76.68978732,38.31786728,33.36,66.78694061,Y
205,MARQUEZ EL,4,West,EL,0.1265,87.35119805,3.851684883,8.11,66.74246445,Y
206,GLENWOOD EL,6,North,EL,0.3194,68.05931866,58.79201495,74.76,66.7404918,N
207,KORENSTEIN EL,6,North,EL,0.2891,71.09469533,45.69778246,76.69,66.68248071,N
208,APPERSON EL,6,North,EL,0.2081,79.18842371,21.30117924,52.46,66.66403889,N
209,MILLER EL - COS,1,South,EL,0.2628,73.7185138,49.5238505,33.36,66.65960732,N
210,PARK AVE EL,5,East,EL,0.3521,64.79345213,70.44983467,72.99,66.36630809,Y
211,99TH ST EL,7,South,EL,0.2881,71.19339811,57.60218202,33.36,66.28045771,N
212,"BACA, JUDITH ARTS ACADEMY",7,South,EL,0.3123,68.77050864,62.01706945,48.1,66.212332,N
213,LOYOLA VILLAGE EL,4,West,EL,0.1664,83.3640309,14.47363901,15.33,66.19495549,N
214,GARDNER EL,4,West,EL,0.2106,78.93556589,23.05988267,39.18,65.97415242,N
215,SATURN EL,1,West,EL,0.24,75.99836287,38.26029429,28.52,65.95507733,N
216,BROCKTON EL,4,West,EL,0.1825,81.75084058,23.02406929,4.66,65.92139343,N
217,WASHINGTON PC,1,South,EL,0.306,69.40362915,65.65868305,23.12,65.80872493,N
218,WINNETKA EL,3,North,EL,0.31,68.99506775,42.9400442,92.94,65.6063091,N
219,"ESCUTIA PC,MARTHA",5,East,EL,0.3179,68.21354763,60.10373248,48.1,65.43586057,N
220,MT WASHINGTON EL,5,East,EL,0.2303,76.97184443,19.58997135,62.77,65.32512795,N
221,24TH ST EL,1,South,EL,0.3212,67.88207304,62.25139866,43.64,65.31119203,N
222,TWEEDY EL,5,East,EL,0.3562,64.37615436,66.428848,72.99,65.29939977,N
223,SUPERIOR EL,3,North,EL,0.2884,71.16261025,32.45941779,92.94,65.26684853,N
224,KINGSLEY ES,5,West,EL,0.301,69.90023309,49.71942005,55.52,65.21756608,N
225,WILSHIRE CREST EL,1,West,EL,0.2351,76.4886883,30.29584949,28.52,64.829488,N
226,SYLMAR LEADERSHIP ACADEMY,6,North,EL,0.2743,72.56692429,35.40669186,57.85,64.67957294,N
227,CHATSWORTH EL,3,North,EL,0.2586,74.13554947,22.98607451,75.32,64.61905107,N
228,COWAN EL,4,West,EL,0.1913,80.86604532,15.72890556,15.33,64.55682878,Y
229,WELBY EL,3,North,EL,0.261,73.90197742,22.94412649,75.12,64.42350678,N
230,HARRY BRIDGES SPAN SCHOOL,7,South,SPAN-MS,0.2776,72.23564788,45.55321875,26.48,64.37296442,N
231,HOLLYWOOD EL,5,West,EL,0.2758,72.41783373,39.66134656,39.18,64.19862778,Y
232,PLAYA VISTA ES,4,West,EL,0.2061,79.39235157,19.2623487,15.33,64.11407906,N
233,HOPE STREET ES,5,East,EL,0.3043,69.56796117,47.04803592,48.1,64.00372761,N
234,POMELO EL,3,North,EL,0.2342,76.58451823,9.853107681,75.12,63.98084636,Y
235,PACIFIC PALISADES EL,4,West,EL,0.1649,83.50954476,4.174258941,8.11,63.92170712,Y
236,COEUR D ALENE EL,4,West,EL,0.1842,81.57587842,13.54652928,0,63.72188305,N
237,BROADWAY EL,4,West,EL,0.2159,78.41056819,26.0567087,0,63.69355902,Y
238,LAFAYETTE PARK PRIMARY CENTER,2,East,EL,0.2755,72.44855247,31.3330537,55.52,63.68136192,N
239,CLOVER EL,1,West,EL,0.2225,77.75371521,21.38184436,20.52,63.60688223,Y
240,MOUNTAIN VIEW EL,6,North,EL,0.2531,74.69215122,19.85730833,60.35,63.51423373,N
241,CALVERT EL,4,North,EL,0.3249,67.51424496,34.5280966,100,63.35970183,N
242,STONEHURST EL,6,North,EL,0.3384,66.16051765,46.99449607,74.76,63.10435625,N
243,NEVADA EL,3,North,EL,0.2991,70.09086145,22.6644934,92.94,62.6264886,N
244,WHITE POINT EL,7,South,EL,0.2569,74.30618644,26.39362975,26.48,62.33344541,N
245,TAPER EL,7,South,EL,0.2544,74.55788919,24.03582471,26.48,62.08013403,N
246,WILSHIRE PARK ES,1,West,EL,0.2813,71.86981091,33.06817966,28.52,61.88514187,N
247,NORMANDIE EL,1,South,EL,0.3477,65.23388369,53.55438082,43.64,61.69435917,N
248,HANCOCK PARK EL,4,West,EL,0.2887,71.13041849,28.35464616,39.18,61.11306002,N
249,TOPANGA EL,4,West,EL,0.2496,75.04326809,9.044574431,46.35,60.87518378,Y
250,"KNOX EL, DR OWEN LLOYD",7,South,EL,0.388,61.20061485,68.33196772,33.36,60.79770509,N
251,BECKFORD EL,3,North,EL,0.296,70.40481028,17.80746099,73.75,60.75188165,N
252,CHARLES H. KIM ES,5,West,EL,0.3326,66.74028899,38.36353329,55.52,60.71837923,N
253,ATWATER EL,5,West,EL,0.3261,67.38981913,35.34779344,55.52,60.64007562,Y
254,EAGLE ROCK EL,5,East,EL,0.3196,68.03644196,26.10998104,69.45,60.26357792,N
255,MAURICE SENDAK ES,6,North,EL,0.3518,64.81810681,40.39450708,63.15,60.13442519,N
256,AMANECER PC,2,East,EL,0.3896,61.03963707,51.42331646,71.22,59.87284964,N
257,MULTNOMAH EL,2,East,EL,0.3863,61.36904786,52.15745947,62.77,59.72943455,N
258,S SHORES PER ARTS MAG,7,South,EL,0.2627,73.7297443,17.37983476,16.73,59.60165224,Y
259,HUBBARD EL,6,North,EL,0.3388,66.11913535,33.89254835,54.5,59.35045433,Y
260,DANNY J. BAKEWELL SR. PC,1,South,EL,0.3853,61.46929962,59.37800281,33.36,59.32035024,N
261,MARIPOSA-NABI PRIMARY CTR,5,West,EL,0.3676,63.23663563,47.147206,43.64,58.99507785,N
262,COMMUNITY MAGNET,4,West,EL,0.2692,73.07558014,7.710516137,18.85,57.43053188,N
263,ENADIA WAY EL,3,North,EL,0.3499,65.01462992,20.46172188,75.12,57.29254529,N
264,LEXINGTON AVENUE PC,2,West,EL,0.4039,59.607266,48.56960277,55.52,57.28225002,N
265,CARTHAY CENTER EL,1,West,EL,0.3047,69.52602985,17.6044003,28.52,57.22784744,N
266,CASTLE HTS EL,1,West,EL,0.2911,70.88710748,8.260124281,20.52,55.99660392,Y
267,ARROYO SECO MUSEUM SCIENCE MAGNET,2,East,SPAN-MS,0.3666,63.34066785,19.58997135,62.77,55.10174551,N
268,BEETHOVEN EL,4,West,EL,0.3187,68.13372798,16.86288351,4.66,54.55333664,N
269,HARVARD ES,5,West,EL,0.42,57.99904784,39.91874184,55.52,54.45404997,N
270,WALNUT PARK EL,5,East,EL,0.445,55.49685051,50.64259886,48.1,54.12437517,N
271,CARMEN LOMA GARZA PC,2,East,EL,0.5165,48.34554088,75.72424125,57.4,54.04495089,N
272,WALGROVE EL,4,West,EL,0.3191,68.09213283,13.99452435,4.66,53.98432294,N
273,CASTLEBAY LN EL,3,North,EL,0.369,63.10381891,9.06656194,73.75,53.63721955,N
274,PORTER RANCH COMMUNITY SCHOOL,3,North,EL,0.4086,59.13718009,22.62282312,75.32,53.3021644,N
275,PLAYA DEL REY EL,4,West,EL,0.3775,62.25414829,29.18529401,15.33,53.12097884,N
276,OPEN CHARTER SCHOOL,4,West,EL,0.3602,63.97704839,22.10956674,15.33,53.08645505,N
277,"CHAVEZ, CESAR EL",2,East,EL,0.4851,51.48998975,49.2319845,77.36,52.6834894,N
278,CANYON EL,4,West,EL,0.3161,68.39279865,2.227017313,8.11,52.21903973,Y
279,WESTMINSTER EL,4,West,EL,0.3504,64.96242001,17.77898899,0,52.05537544,N
280,VALLEY VIEW EL,3,West,EL,0.3926,60.74317422,11.94485694,64.9,51.85329134,N
281,COUGHLIN EL,6,North,EL,0.4785,52.15023964,38.76823667,72.52,50.91422411,N
282,HESBY OAKS,4,North,SPAN-MS,0.4352,56.48111195,18.33351562,57.85,49.41399314,Y
283,BRENTWOOD SCI MAG,4,West,EL,0.3808,61.92396781,10.46091947,4.66,48.69564826,N
284,WONDERLAND EL,4,West,EL,0.4039,59.61399001,8.727684795,21.83,47.71130841,N
285,KENTER CANYON EL,4,West,EL,0.3988,60.12409415,6.219587174,18.85,47.43736821,N
286,ROSA PARKS LEARNING CENTER,6,North,EL,0.6206,37.9419036,56.54862516,71.59,43.53366992,Y
287,MID-CITY MAGNET,1,West,EL,0.6064,39.35913581,55.94175835,28.52,41.79093155,N
288,DELEVAN DRIVE EL,5,East,EL,0.5891,41.09216314,27.88346994,69.45,40.38789797,Y
,,,,,,,,,,
1,BRAVO MEDICAL MAG,2,East,SH,0.0401,95.98868292,77.3490968,57.4,90.08196784,Y
2,KING DREW MED MAG HS,7,South,SH,0.0194,98.05569375,72.57066751,33.52,89.24377047,N
3,MENDEZ LEARNING CTR,2,East,SH,0.0555,94.44628651,73.31042443,57.4,88.16791947,N
4,EAST LA STAR,2,East,SH,0.0677,93.23285142,60.33098428,71.22,85.68794812,N
5,LIECHTY MS,2,East,MS,0.053,94.69538186,59.42694763,43.64,84.89158908,N
6,32ND-USC PERF ARTS MAG,1,South,SPAN-SH,0.022,97.80242045,44.29254614,43.64,84.38416774,Y
7,ADAMS MS,5,East,MS,0.0765,92.34545456,60.62402743,43.64,83.35359606,N
8,HOLLYWOOD SH,4,West,SH,0.049,95.10383751,43.05592697,39.18,81.84961444,N
9,YOUNG OAK KIM ACADEMY,5,West,MS,0.0594,94.05878951,40.59908497,55.52,81.62642056,N
10,"MARQUEZ, LINDA ESPERANZA HS HPIAM",5,East,SH,0.1256,87.4442305,69.06377553,48.1,81.53888078,N
11,ORCHARD ACADEMIES,5,East,MS,0.1334,86.65926226,60.10373248,48.1,79.27014653,N
12,ZOO MAGNET,5,North,SH,0.1393,86.07312277,55.66,64.35,79.01296708,N
13,BANCROFT MS,4,West,MS,0.0713,92.8718986,29.75934127,39.18,77.68255043,Y
14,"CONTRERAS, MIGUEL LEARNING COMPLEX",2,East,SH,0.1294,87.05903439,50.49725769,43.64,77.49001161,N
15,MAYWOOD CES,5,East,SH,0.1736,82.6435712,51.64933951,72.99,77.41883006,N
16,NORTHRIDGE ACADEMY HS,3,North,SH,0.1347,86.52714196,34.75,88.13,76.91910647,N
17,MARKHAM MS,7,South,MS,0.1993,80.06818668,73.3326849,48.1,76.80726843,N
18,EDISON MS,7,South,MS,0.1901,80.99174048,66.86855935,33.36,75.36666024,Y
19,KENNEDY SH,3,North,SH,0.1345,86.55402334,30.33513128,72.34,75.12460462,Y
20,MIDDLE COLLEGE HS,1,South,SH,0.1891,81.09077755,65.90838731,23.12,74.62090578,N
21,ESTEBAN TORRES HS,2,East,SH,0.2158,78.4227459,60.33098428,71.22,74.58036898,N
22,DANA MS,7,South,MS,0.1323,86.77229535,36.74716182,26.48,73.62431435,N
23,KING MS,2,West,MS,0.1764,82.36449493,33.49583668,55.52,71.52384057,N
24,BERENDO MS,5,West,MS,0.1976,80.23920996,45.90687101,43.64,71.51444579,N
25,ELIZABETH LEARNING CTR,5,East,SPAN-SH,0.2699,73.0074494,63.82771879,72.99,71.28515933,Y
26,IRVING MS,5,West,MS,0.2633,73.67201877,64.0459177,62.77,71.18574865,Y
27,JEFFERSON SH,5,East,SH,0.4289,57.1105542,60.06843443,43.64,71.07463259,Y
28,NIGHTINGALE MS,2,East,MS,0.2484,75.16213409,56.46413734,62.77,70.88175132,Y
29,"ANGELOU, MAYA COMM HS / GLOBAL ISS",7,East,SH,0.2344,76.55943791,60.1304318,33.36,70.77903439,N
30,MUIR MS,1,South,MS,0.242,75.80123108,57.70181712,33.36,69.75501402,N
31,JORDAN SH,7,South,SH,0.2862,71.37788008,68.23860959,48.1,69.33439936,N
32,EMERSON MS,4,West,MS,0.1413,85.86786781,11.69480782,20.52,67.87617733,N
33,HARBOR TEACHER PREP ACADEMY,7,South,SH,0.1827,81.73109771,26.13032343,26.48,67.85275893,N
34,SOUTH GATE MS,5,East,MS,0.3083,69.17278433,66.37648995,48.1,67.33143011,N
35,ROBERT F KENNEDY COMMUNITY OF SCHOOLS,5,West,SH,0.2738,72.62268969,53.65890504,43.64,67.25556196,N
36,VIRGIL MS,2,East,MS,0.26,73.99907625,41.99655203,55.52,66.84366069,N
37,SHERMAN OAKS CES MAG,4,North,SPAN-SH,0.3392,66.08086657,51.71467313,93.41,65.09527614,Y
38,HOLLENBECK MS,2,East,MS,0.3558,64.41635652,68.91616196,57.4,64.82154776,Y
39,HARTE PREP MS,1,South,MS,0.3028,69.72497928,55.68309666,33.36,64.81931508,N
40,PIO PICO MS,1,West,MS,0.2726,72.73979752,45.05514714,28.52,64.78518823,N
41,BELMONT SH,2,East,SH,0.3547,64.52763133,64.72438836,55.52,64.74466636,N
42,J. NAVA LEARNING ACADEMY (CRMS #7),5,East,MS,0.3496,65.04391292,64.65380543,57.4,64.49302321,N
43,PEARL JOURN/COMM MAG,3,North,SH,0.3388,66.1229474,49.20067659,88.13,64.32546241,N
44,WALNUT PARK MS,5,East,MS,0.329,67.09963683,57.56583259,48.1,64.12457123,N
45,GOMPERS MS,7,South,MS,0.2978,70.21589375,53.31275693,23.12,64.10306223,N
46,SEPULVEDA MS,6,North,MS,0.3059,69.41335158,40.22195064,71.59,64.07600443,N
47,ORTHOPAEDIC HOSPITAL MEDICAL MAGNET HS,5,East,SH,0.3234,67.65932336,55.38994841,43.64,63.85760785,N
48,"HAWKINS, AUGUSTUS F SH",1,South,SH,0.3216,67.84371068,57.70181712,33.36,63.78687372,N
49,LOS ANGELES ACADEMY MS,7,East,MS,0.3406,65.93578849,64.8644312,33.36,63.69892222,N
50,CARVER MS,5,East,MS,0.3239,67.60538475,54.74875224,43.64,63.6969296,N
51,MANUAL ARTS SH,1,South,SH,0.3295,67.05165655,55.65128329,43.64,63.45085803,N
52,POLYTECHNIC SH,6,North,SH,0.3594,64.05772458,54.84489921,76.69,63.11983703,Y
53,"RIVERA, DIEGO LRNG CTR/PUB SERV COMM",7,South,SH,0.3516,64.83897346,65.54014048,33.36,63.00300643,Y
54,BANNING SH,7,South,SH,0.3155,68.45358928,51.84090738,26.48,62.67845941,N
55,STEVENSON MS,2,East,MS,0.3869,61.312947,64.92122749,57.4,61.74494041,N
56,VAN NUYS MS,3,North,MS,0.2932,70.67848779,23.51267083,57.85,61.03311662,N
57,LE CONTE MS,5,West,MS,0.321,67.89799625,39.66134656,39.18,60.80874967,N
58,"CORTINES, RAMON C. SCHOOL OF VIS PRF ARTS",2,East,SH,0.3511,64.88717493,45.58147441,57.4,60.79940765,N
59,DYMALLY SH,7,South,SH,0.3838,61.61847645,66.4278642,33.36,60.75408188,N
60,SOUTH GATE SH,5,East,SH,0.3665,63.34923181,52.64331057,48.1,60.38879459,N
61,BURROUGHS MS,1,West,MS,0.2866,71.33565177,19.79698039,39.18,59.66242265,Y
62,PACOIMA MS,6,North,MS,0.4151,58.49077351,58.96326919,72.52,59.45619311,Y
63,BERNSTEIN SH,5,West,SH,0.3755,62.44841421,53.85241685,39.18,59.38238881,N
64,GAGE MS,5,East,MS,0.3586,64.14193841,42.91726143,48.1,59.15969033,Y
65,NORTHRIDGE MS,3,North,MS,0.3963,60.37372387,41.80496071,88.13,58.62684804,N
66,CANOGA PARK SH,3,North,SH,0.4319,56.80786701,53.20342852,92.94,58.39029311,Y
67,LOS ANGELES SH,1,West,SH,0.357,64.29825437,42.94404248,28.52,58.05819874,N
68,BELL SH,5,East,SH,0.4245,57.55338667,62.93104397,48.1,57.97086075,Y
69,SOTOMAYOR LEARNING ACADEMIES,5,West,SH,0.4395,56.04616438,62.45223229,62.77,57.66754184,N
70,BETHUNE MS,7,South,MS,0.4385,56.14804906,69.57188947,33.36,57.24076607,N
71,RANCHO DOMINGUEZ PREP SCHOOL,7,South,SH,0.4125,58.75111164,56.54553926,36.95,56.97499734,N
72,NIMITZ MS,5,East,MS,0.4236,57.64227479,54.58861583,48.1,56.47332156,N
73,AUDUBON MS,1,South,MS,0.3712,62.88396927,38.32664445,28.52,56.13172279,N
74,FOSHAY LEARNING CENTER,1,South,SPAN-SH,0.376,62.40454245,34.13579939,43.64,55.93136923,N
75,GARDENA SH,7,South,SH,0.4114,58.86272952,53.28824876,25.64,55.74109378,N
76,COCHRAN MS,1,West,MS,0.384,61.60391381,41.20727697,28.52,55.71179979,N
77,SUN VALLEY MS,6,North,MS,0.4558,54.41985005,53.41760799,76.69,55.62381404,Y
78,SUTTER MS,4,North,MS,0.4709,52.90726113,50.00936116,92.94,54.86595106,N
79,HAMILTON SH,1,West,SH,0.3878,61.22041654,39.1063397,20.52,54.5302511,Y
80,WHITE MS,7,South,MS,0.4302,56.98174658,53.66682842,25.64,54.40134026,N
81,MANN MS,1,South,MS,0.4168,58.32133077,49.64690016,14.95,53.98416686,N
82,BELVEDERE MS,2,East,MS,0.4858,51.41679087,57.4579032,71.22,53.7872,Y
83,VAN NUYS SH,3,North,SH,0.4545,54.55305089,43.96411932,71.59,53.63243554,N
84,TAFT SH,4,North,SH,0.525,47.50451327,29.76784937,100,53.51268851,Y
85,MADISON MS,6,North,MS,0.4736,52.64013023,48.20887727,76.69,53.31238716,Y
86,BURBANK MS,2,East,MS,0.4359,56.40547865,32.33589911,77.36,53.20209007,N
87,GARFIELD SH,2,East,SH,0.4758,52.42309256,49.59595102,71.22,53.06781024,Y
88,"CHAVEZ, CESAR E. LNG ACAD - TCHR PREP ACADEMY",6,North,SH,0.4603,53.9680511,40.09796729,72.52,52.52690719,N
89,WOODLAND HILLS ACADEMY,4,North,MS,0.4666,53.3414035,33.22035176,100,52.48486858,N
90,RESEDA SH,4,North,SH,0.5072,49.27714108,52.42945755,88.13,52.2965041,Y
91,MARSHALL SH,2,West,SH,0.4178,58.22479292,26.58845014,55.52,52.12392909,N
92,DREW MS,7,South,MS,0.4936,50.64001961,63.94725103,33.36,52.05512427,N
93,WILSON SH,2,East,SH,0.4898,51.01910418,52.15745947,62.77,51.96697678,N
94,HUNTINGTON PK SH,5,East,SH,0.4142,58.58125867,66.28876508,48.1,51.56828644,Y
95,PEARY MS,7,South,MS,0.454,54.59638809,48.30888139,23.12,51.45020633,N
96,MULHOLLAND MS,3,North,MS,0.5141,48.59436078,49.20067659,88.13,51.17902245,Y
97,VALLEY OAKS CTR FOR ENRICHED STUDIES - VOCES,6,North,SH,0.5544,44.56469542,68.64596875,76.69,51.08776571,N
98,CRENSHAW SH,1,South,SH,0.4292,57.08412152,39.14084761,14.95,51.07634268,N
99,CANOGA PARK MS,3,North,MS,0.4998,50.01704985,41.05231657,92.94,51.01884675,N
100,VERDUGO HILLS SH,6,North,SH,0.4261,57.38873498,23.81231062,52.46,50.78510947,N
101,SANTEE EDUCATION COMPLEX,5,East,SH,0.5019,49.80758217,55.38994841,43.64,50.46880196,N
102,REED MS,3,North,MS,0.4371,56.29486021,22.52791318,63.15,50.39200388,Y
103,OLIVE VISTA MS,6,North,MS,0.4658,53.42371948,35.40669186,57.85,50.32216933,N
104,VALLEY ALTERNATIVE SCHOOL,3,North,SPAN-SH,0.5271,47.29111912,49.20067659,88.13,50.2015912,N
105,HENRY MS,3,North,MS,0.4619,53.80922528,27.15493945,73.75,50.0578451,N
106,CARNEGIE MS,7,South,MS,0.4921,50.78846099,54.33568149,25.64,49.88178602,N
107,CLEVELAND SH,3,North,SH,0.5265,47.35165957,37.57237245,88.13,49.44969671,N
108,HOLMES MS,3,North,MS,0.4808,51.91974905,25.94625057,88.13,49.31285877,N
109,PORTER MS,3,North,MS,0.4616,53.83666282,22.5379403,72.34,49.12461092,N
110,FULTON COLLEGE PREPARATORY SCHOOL,6,North,SH,0.5683,43.16819792,65.36971601,71.59,49.10734519,N
111,WILMINGTON MS,7,South,MS,0.4768,52.3171482,42.18177631,26.48,48.80194421,Y
112,EAGLE ROCK SH,5,East,SH,0.4608,53.91619136,20.64337491,69.45,48.64840131,N
113,WASHINGTON PREP SH,1,South,SH,0.4958,50.41608686,46.28823629,33.36,48.57610945,N
114,NARBONNE SH,7,South,SH,0.484,51.5985274,41.90137597,26.48,48.21040355,N
115,NORTH HOLLYWOOD SH,3,North,SH,0.5552,44.47615467,29.73409066,63.15,47.92907177,Y
116,ARLETA HIGH SCHOOL,6,North,SH,0.5299,47.00828501,41.35390319,72.34,47.5313206,N
117,"TWAIN, MARK MS",4,West,MS,0.4137,58.63362741,16.86288351,4.66,47.42826122,N
118,LACES MAG,1,West,SPAN-SH,0.4589,54.10964696,26.89208383,28.52,47.40700094,N
119,FREMONT SH,7,South,SH,0.5176,48.23757441,55.53872598,33.36,47.23454782,N
120,PORTOLA MS,4,North,MS,0.5142,48.58065444,25.73084966,93.41,47.09815014,N
121,GRIFFITH MS,2,East,MS,0.5518,44.81746462,48.07895603,71.22,47.07915272,Y
122,SAN FERNANDO MS,6,North,MS,0.5651,43.48971271,51.57484021,72.34,46.80881707,N
123,WEST ADAMS PREPARATORY HS,5,West,SH,0.5258,47.42453325,45.37886967,43.64,46.804438,N
124,PANORAMA SH,6,North,SH,0.5811,41.88932777,57.81691067,71.59,46.73204158,N
125,EL SERENO MS,2,East,MS,0.5531,44.68624175,43.74745313,77.36,46.55232878,N
126,VENICE SH,4,West,SH,0.4124,58.75832808,13.54652928,0,46.35622144,N
127,CARSON SH,7,South,SH,0.4977,50.23414931,37.5608261,25.64,46.32076688,Y
128,MACLAY MS,6,North,MS,0.5408,45.92323885,38.76823667,72.52,46.24397352,N
129,FRANKLIN SH,2,East,SH,0.5023,49.77052551,26.46101762,62.77,46.21245993,N
130,FAIRFAX SH,4,West,SH,0.4822,51.77652169,24.35660906,39.18,46.05111382,Y
131,LAWRENCE MS,3,North,MS,0.5489,45.10641227,39.7122666,75.32,45.98335919,N
132,CLINTON MS,5,East,MS,0.5772,42.27521502,60.76065973,43.64,45.82653496,Y
133,WRIGHT MS,4,West,MS,0.4416,55.84445677,15.72890556,15.33,45.79063737,Y
134,MONROE SH,6,North,SH,0.5262,47.37894341,35.08733075,71.59,45.64789924,N
135,SAN PEDRO SH,7,South,SH,0.5846,41.53597698,36.74716182,26.48,45.63023461,Y
136,BYRD MS,6,North,MS,0.5933,40.67200674,54.84489921,76.69,45.58054866,N
137,GALA - GIRLS ACADEMY LEADERSHIP ACADEMY,5,South,SPAN-SH,0.5627,43.73174442,48.02243502,43.64,44.53051488,Y
138,SAN FERNANDO SH,6,North,SH,0.6265,37.34922232,63.15442188,72.34,44.37462084,N
139,CHATSWORTH SH,3,North,SH,0.5712,42.88192846,39.7122666,75.32,44.31499633,N
140,"OBAMA, BARACK GLOBAL PREP ACADEMY",1,South,MS,0.5751,42.48543424,50.68800664,43.64,44.09557692,Y
141,ARMSTRONG MS,3,North,MS,0.5497,45.03399074,33.37117237,63.15,43.97946288,N
142,FROST MS,3,North,MS,0.5254,47.45739354,19.57614531,73.75,43.8729474,N
143,DORSEY SH,1,South,SH,0.5669,43.31304531,48.76886487,28.52,43.41144614,N
144,LINCOLN SH,2,East,SH,0.5883,41.16557385,45.21138347,62.77,43.27443979,Y
145,LEGACY HIGH SCHOOL,5,East,SH,0.6735,32.65322434,75.1077196,72.99,43.13449068,N
146,MARINA DEL REY MS,4,West,MS,0.4922,50.7792534,19.37200453,15.33,42.6748159,N
147,MT GLEASON MS,6,North,MS,0.5298,47.01579969,19.62845877,52.46,42.22093579,N
148,EAST VALLEY HIGH SCHOOL,6,North,SH,0.6111,38.88627075,45.96408914,64.9,41.83921978,N
149,GRANT SH,6,North,SH,0.575,42.49821124,31.97693446,63.15,41.81620864,Y
150,FLEMING MS,7,South,MS,0.5205,47.94845492,25.29305727,16.9,41.76003943,N
151,ROOSEVELT SH,2,East,SH,0.6331,36.69105292,56.77173068,57.4,41.75048919,Y
152,UNIVERSITY SH,4,West,SH,0.5203,47.97034443,26.81844897,4.66,41.2974675,N
153,SOUTH EAST SH,5,East,SH,0.6322,36.78207753,55.62362593,48.1,41.02223801,N
154,ROYBAL LC,2,East,SH,0.6767,32.32917674,69.81435669,55.52,40.80707443,N
155,SYLMAR SH,6,North,SH,0.5819,41.80613485,26.22515241,72.34,40.79306721,Y
156,PALMS MS,1,West,MS,0.5211,47.89047481,18.8405693,20.52,40.73296285,N
157,MAYWOOD ACADEMY HIGH SCHOOL,5,East,SH,0.6208,37.9231848,47.87474535,48.1,40.42515335,N
158,REVERE MS,4,West,MS,0.4731,52.68578798,2.227017313,4.66,40.22315673,N
159,VALLEY ACADEMY OF ARTS & SCIENCES,3,North,SH,0.6019,39.8131616,27.15493945,73.75,39.56079735,N
160,ROMER MS,6,North,MS,0.6487,35.12801966,44.01162085,76.69,39.39131866,N
161,VISTA MS,6,North,MS,0.7133,28.67021727,70.32900275,71.59,39.16372597,N
162,"OLGUIN, JOHN SH",7,South,SH,0.581601401,41.83985992,26.39362975,26.48,37.9837,N
163,CURTISS MS,7,South,MS,0.620717887,37.92821126,38.57473695,25.64,37.2814,N
164,NOBEL MS,3,North,MS,0.624520324,37.54796762,17.80746099,73.75,36.1092,N
165,HALE MS,3,North,MS,0.619575946,38.0424054,15.02889607,75.39,36.0616,N
166,DODSON MS,7,South,MS,0.562316461,43.76835392,9.306915435,16.9,35.6276,N
167,WESTCHESTER SH,4,West,SH,0.593611646,40.6388354,14.47363901,15.33,34.1511,N
168,WEBSTER MS,4,West,MS,0.634839262,36.51607383,21.75732318,20.52,32.7491,N
169,SOUTHEAST MS,5,East,MS,0.742750051,25.72499488,55.62362593,48.1,32.7294,N
